Sample,chr,pos,ref,mut,ref_cod,mut_cod,ref3_cod,mut3_cod,aachange,ntchange,codonsub,Pathway,FC
TCGA-05-4382,7,55152582,G,T,G,T,CGC,CTC,R222L,G665T,CGC>CTC,Oxytocin signaling pathway: CDKN1A,-Inf
TCGA-05-4382,7,55163734,G,C,G,C,TGA,TCA,E545Q,G1633C,GAG>CAG,Oxytocin signaling pathway: CDKN1A,-Inf
TCGA-05-4410,7,55156657,G,T,G,T,GGG,GTG,R377S,G1131T,AGG>AGT,Oxytocin signaling pathway: CDKN1A,-Inf
TCGA-05-5423,7,55191748,G,T,G,T,TGG,TTG,L833F,G2499T,TTG>TTT,Oxytocin signaling pathway: CDKN1A,-Inf
TCGA-05-5423,7,55191831,T,A,T,A,CTG,CAG,L861Q,T2582A,CTG>CAG,Oxytocin signaling pathway: CDKN1A,-Inf
TCGA-38-4627,7,55142382,T,G,T,G,CTT,CGT,L62R,T185G,CTT>CGT,Oxytocin signaling pathway: CDKN1A,-Inf
TCGA-38-4627,7,55191822,T,G,T,G,CTG,CGG,L858R,T2573G,CTG>CGG,Oxytocin signaling pathway: CDKN1A,-Inf
TCGA-38-4629,7,55160233,G,A,G,A,AGG,AAG,G465R,G1393A,GGA>AGA,Oxytocin signaling pathway: CDKN1A,-Inf
TCGA-44-6147,7,55181312,G,T,G,T,AGC,ATC,S768I,G2303T,AGC>ATC,Oxytocin signaling pathway: CDKN1A,-Inf
TCGA-44-6147,7,55181314,G,T,G,T,CGT,CTT,V769L,G2305T,GTG>TTG,Oxytocin signaling pathway: CDKN1A,-Inf
TCGA-44-6147,7,55181312,G,T,G,T,AGC,ATC,S768I,G2303T,AGC>ATC,Oxytocin signaling pathway: CDKN1A,-Inf
TCGA-44-6147,7,55181314,G,T,G,T,CGT,CTT,V769L,G2305T,GTG>TTG,Oxytocin signaling pathway: CDKN1A,-Inf
TCGA-44-6147,7,55181312,G,T,G,T,AGC,ATC,S768I,G2303T,AGC>ATC,Oxytocin signaling pathway: CDKN1A,-Inf
TCGA-44-6147,7,55181314,G,T,G,T,CGT,CTT,V769L,G2305T,GTG>TTG,Oxytocin signaling pathway: CDKN1A,-Inf
TCGA-44-6147,7,55181312,G,T,G,T,AGC,ATC,S768I,G2303T,AGC>ATC,Oxytocin signaling pathway: CDKN1A,-Inf
TCGA-44-6147,7,55181314,G,T,G,T,CGT,CTT,V769L,G2305T,GTG>TTG,Oxytocin signaling pathway: CDKN1A,-Inf
TCGA-44-6147,7,55181312,G,T,G,T,AGC,ATC,S768I,G2303T,AGC>ATC,Oxytocin signaling pathway: CDKN1A,-Inf
TCGA-44-6147,7,55181314,G,T,G,T,CGT,CTT,V769L,G2305T,GTG>TTG,Oxytocin signaling pathway: CDKN1A,-Inf
TCGA-44-A4SU,7,55174014,G,T,G,T,GGG,GTG,G719C,G2155T,GGC>TGC,Oxytocin signaling pathway: CDKN1A,-Inf
TCGA-44-A4SU,7,55181312,G,T,G,T,AGC,ATC,S768I,G2303T,AGC>ATC,Oxytocin signaling pathway: CDKN1A,-Inf
TCGA-49-4490,7,55191822,T,G,T,G,CTG,CGG,L858R,T2573G,CTG>CGG,Oxytocin signaling pathway: CDKN1A,-Inf
TCGA-49-4494,7,55181378,C,T,C,T,ACG,ATG,T790M,C2369T,ACG>ATG,Oxytocin signaling pathway: CDKN1A,-Inf
TCGA-49-4494,7,55191822,T,G,T,G,CTG,CGG,L858R,T2573G,CTG>CGG,Oxytocin signaling pathway: CDKN1A,-Inf
TCGA-50-5944,7,55191822,T,G,T,G,CTG,CGG,L858R,T2573G,CTG>CGG,Oxytocin signaling pathway: CDKN1A,-Inf
TCGA-50-6591,7,55191746,T,G,T,G,CTT,CGT,L833V,T2497G,TTG>GTG,Oxytocin signaling pathway: CDKN1A,-Inf
TCGA-50-6595,7,55174015,G,C,G,C,GGC,GCC,G719A,G2156C,GGC>GCC,Oxytocin signaling pathway: CDKN1A,-Inf
TCGA-50-6595,7,55181312,G,T,G,T,AGC,ATC,S768I,G2303T,AGC>ATC,Oxytocin signaling pathway: CDKN1A,-Inf
TCGA-55-7570,7,55155838,G,A,G,A,TGT,TAT,V300M,G898A,GTG>ATG,Oxytocin signaling pathway: CDKN1A,-Inf
TCGA-55-8096,7,55191822,T,G,T,G,CTG,CGG,L858R,T2573G,CTG>CGG,Oxytocin signaling pathway: CDKN1A,-Inf
TCGA-55-8506,7,55191822,T,G,T,G,CTG,CGG,L858R,T2573G,CTG>CGG,Oxytocin signaling pathway: CDKN1A,-Inf
TCGA-55-8506,7,55191822,T,G,T,G,CTG,CGG,L858R,T2573G,CTG>CGG,Proteoglycans in cancer: MAPK1******,-2.402204
TCGA-55-A48Z,7,55174015,G,C,G,C,GGC,GCC,G719A,G2156C,GGC>GCC,Oxytocin signaling pathway: CDKN1A,-Inf
TCGA-62-8394,7,55191822,T,G,T,G,CTG,CGG,L858R,T2573G,CTG>CGG,Oxytocin signaling pathway: CDKN1A,-Inf
TCGA-64-1681,7,55191822,T,G,T,G,CTG,CGG,L858R,T2573G,CTG>CGG,Oxytocin signaling pathway: CDKN1A,-Inf
TCGA-67-3770,7,55191822,T,G,T,G,CTG,CGG,L858R,T2573G,CTG>CGG,Oxytocin signaling pathway: CDKN1A,-Inf
TCGA-67-3770,7,55191822,T,G,T,G,CTG,CGG,L858R,T2573G,CTG>CGG,Oxytocin signaling pathway: CDKN1A,-Inf
TCGA-71-8520,7,55142382,T,G,T,G,CTT,CGT,L62R,T185G,CTT>CGT,Oxytocin signaling pathway: CDKN1A,-Inf
TCGA-71-8520,7,55191822,T,G,T,G,CTG,CGG,L858R,T2573G,CTG>CGG,Oxytocin signaling pathway: CDKN1A,-Inf
TCGA-78-7155,7,55157751,A,T,A,T,AAC,ATC,Q432H,A1296T,CAA>CAT,Oxytocin signaling pathway: CDKN1A,-Inf
TCGA-78-7155,7,55174798,A,T,A,T,AAA,ATA,K754I,A2261T,AAA>ATA,Oxytocin signaling pathway: CDKN1A,-Inf
TCGA-78-7155,7,55198717,G,T,G,T,GGG,GTG,G901V,G2702T,GGG>GTG,Oxytocin signaling pathway: CDKN1A,-Inf
TCGA-78-7158,7,55198734,T,A,T,A,GTT,GAT,L907M,T2719A,TTG>ATG,Oxytocin signaling pathway: CDKN1A,-Inf
TCGA-86-8055,7,55191822,T,G,T,G,CTG,CGG,L858R,T2573G,CTG>CGG,Oxytocin signaling pathway: CDKN1A,-Inf
TCGA-86-8075,7,55191822,T,G,T,G,CTG,CGG,L858R,T2573G,CTG>CGG,Oxytocin signaling pathway: CDKN1A,-Inf
TCGA-91-6835,7,55191822,T,G,T,G,CTG,CGG,L858R,T2573G,CTG>CGG,Oxytocin signaling pathway: CDKN1A,-Inf
TCGA-95-7039,7,55198778,C,A,C,A,GCG,GAG,S921R,C2763A,AGC>AGA,Oxytocin signaling pathway: CDKN1A,-Inf
TCGA-95-7947,7,55143335,A,G,A,G,CAT,CGT,I91V,A271G,ATT>GTT,Oxytocin signaling pathway: CDKN1A,-Inf
TCGA-95-7947,7,55201775,G,T,G,T,AGA,ATA,R1052I,G3155T,AGA>ATA,Oxytocin signaling pathway: CDKN1A,-Inf
TCGA-97-8177,7,55191822,T,G,T,G,CTG,CGG,L858R,T2573G,CTG>CGG,Oxytocin signaling pathway: CDKN1A,-Inf
TCGA-97-A4M1,7,55191822,T,G,T,G,CTG,CGG,L858R,T2573G,CTG>CGG,Oxytocin signaling pathway: CDKN1A,-Inf
TCGA-97-A4M7,7,55191822,T,G,T,G,CTG,CGG,L858R,T2573G,CTG>CGG,Oxytocin signaling pathway: CDKN1A,-Inf
TCGA-L9-A50W,7,55181378,C,T,C,T,ACG,ATG,T790M,C2369T,ACG>ATG,Oxytocin signaling pathway: CDKN1A,-Inf
TCGA-L9-A50W,7,55191822,T,G,T,G,CTG,CGG,L858R,T2573G,CTG>CGG,Oxytocin signaling pathway: CDKN1A,-Inf
TCGA-MP-A4T9,7,55191822,T,G,T,G,CTG,CGG,L858R,T2573G,CTG>CGG,Oxytocin signaling pathway: CDKN1A,-Inf